1709588022,184.105.81.29,port-channel8.core2.par2.he.net,FR,Paris,49.012798,2.550000
1709588022,184.104.202.194,west-indian-ocean-cable-company-ltd.10gigabitethernet5-3.core1.lon3.he.net,GB,London,51.470600,-0.461941
1709588022,201.174.254.182,mxmex-df-ldg.transtelco.net,MX,Ciudad de Mexico,19.430000,-99.130000
1709588022,154.54.38.66,be3183.ccr31.par04.atlas.cogentco.com,FR,Paris,49.012798,2.550000
1709588022,130.117.50.69,be2836.ccr41.ams03.atlas.cogentco.com,NL,Amsterdam,52.308601,4.763890
1709588022,154.54.39.185,be3458.ccr42.ams03.atlas.cogentco.com,NL,Amsterdam,52.308601,4.763890
1709588022,154.54.89.102,be2042.ccr32.slc01.atlas.cogentco.com,US,Salt Lake City,40.788399,-111.977997
1709588022,149.29.0.57,be6822.rcr51.b015969-1.ams03.atlas.cogentco.com,NL,Amsterdam,52.308601,4.763890
1709588022,130.117.0.122,be2813.ccr41.fra03.atlas.cogentco.com,DE,Frankfurt am Main,50.033333,8.570556
1709588022,154.54.37.250,be3374.ccr41.fra03.atlas.cogentco.com,DE,Frankfurt am Main,50.033333,8.570556
1709588022,149.14.80.209,te0-3-0-3-8.rcr21.b015533-1.lon13.atlas.cogentco.com,GB,London,51.470600,-0.461941
1709588022,130.117.3.138,be3261.ccr31.bud01.atlas.cogentco.com,HU,Budapest,47.429760,19.261093
1709588022,154.54.58.234,be2799.ccr41.par01.atlas.cogentco.com,FR,Paris,49.012798,2.550000
1709588022,154.54.3.133,be2432.ccr31.dfw01.atlas.cogentco.com,US,Dallas-Fort Worth,32.896801,-97.038002
1709588022,154.54.61.165,be3732.ccr41.fra03.atlas.cogentco.com,DE,Frankfurt am Main,50.033333,8.570556
1709588022,154.54.58.238,be2800.ccr42.par01.atlas.cogentco.com,FR,Paris,49.012798,2.550000
1709588022,130.117.14.102,telia.ams03.atlas.cogentco.com,NL,Amsterdam,52.308601,4.763890
1709588022,154.54.42.166,be2831.ccr41.ord01.atlas.cogentco.com,US,Chicago,41.978600,-87.904800
1709588022,149.14.227.57,be6818.rcr21.b015533-1.lon13.atlas.cogentco.com,GB,London,51.470600,-0.461941
1709588022,184.104.197.225,port-channel3.core2.jib1.he.net,DJ,Djibouti City,11.547300,43.159500
1709588022,184.104.199.201,port-channel22.core3.chi1.he.net,US,Chicago,41.978600,-87.904800
1709588022,130.117.0.2,be3186.agr41.fra03.atlas.cogentco.com,DE,Frankfurt am Main,50.033333,8.570556
1709588022,184.104.199.70,port-channel1.core1.sea2.he.net,US,Seattle,47.449001,-122.308998
1709588022,37.49.232.54,etisalat.mrs.franceix.net,FR,Marseille,43.439272,5.221424
1709588022,37.49.232.27,ovh.mrs.franceix.net,FR,Marseille,43.439272,5.221424
1709588022,129.250.2.52,ae-5.r24.lsanca07.us.bb.gin.ntt.net,us
1709588022,184.104.193.121,port-channel8.core3.mrs1.he.net,FR,Marseille,43.439272,5.221424
1709588022,184.104.192.38,port-channel1.core2.chi1.he.net,US,Chicago,41.978600,-87.904800
1709588022,87.230.115.1,ae0.fra10-cr-antares.bb.gdinf.net,DE,Frankfurt am Main,50.033333,8.570556
1709588022,104.44.23.224,be-126-0.ibr02.ams30.ntwk.msn.net,NL,Amsterdam,52.308601,4.763890
1709588022,104.44.7.204,be-4-0.ibr02.par30.ntwk.msn.net,FR,Paris,49.012798,2.550000
1709588022,104.44.19.0,be-7-0.ibr01.maa30.ntwk.msn.net,IN,Chennai,12.990005,80.169296
1709588022,104.44.231.7,ae24-0.rwa02.vie.ntwk.msn.net,AT,Vienna,48.110298,16.569700
1709588022,104.44.30.108,be-14-0.ibr01.lon24.ntwk.msn.net,GB,London,51.470600,-0.461941
1709588022,104.44.197.195,ae74-0.ier06.lon32.ntwk.msn.net,GB,London,51.470600,-0.461941
1709588022,130.117.14.10,kpn.fra03.atlas.cogentco.com,DE,Frankfurt am Main,50.033333,8.570556
1709588022,104.44.29.201,be-5-0.ibr01.mma01.ntwk.msn.net,SE,Malmo,55.536305,13.376198
1709588022,154.54.56.93,be12194.ccr41.lon13.atlas.cogentco.com,GB,London,51.470600,-0.461941
1709588022,154.54.59.85,be2988.ccr21.bts01.atlas.cogentco.com,SK,Bratislava,48.170200,17.212700
1709588022,130.117.1.9,be3457.ccr41.ams03.atlas.cogentco.com,NL,Amsterdam,52.308601,4.763890
1709588022,104.44.33.107,be-33-0.ibr01.mrs20.ntwk.msn.net,FR,Marseille,43.439272,5.221424
1709588022,104.44.7.210,be-2-0.ibr02.par30.ntwk.msn.net,FR,Paris,49.012798,2.550000
1709588022,104.44.21.97,be-122-0.ibr02.lon22.ntwk.msn.net,GB,London,51.470600,-0.461941
1709588022,104.44.29.166,be-8-0.ibr01.par30.ntwk.msn.net,FR,Paris,49.012798,2.550000
1709588022,154.54.37.237,be3169.ccr31.par04.atlas.cogentco.com,FR,Paris,49.012798,2.550000
1709588022,154.54.39.225,be3077.ccr31.bio02.atlas.cogentco.com,ES,Bilbao,43.301102,-2.910610
1709588022,149.14.159.73,hu0-1-0-6.agr41.fra03.atlas.cogentco.com,DE,Frankfurt am Main,50.033333,8.570556
1709588022,149.14.210.153,be6037.202.agr21.fra06.atlas.cogentco.com,DE,Frankfurt am Main,50.033333,8.570556
1709588022,45.142.244.4,po-04.lag.lon07.gb.misaka.io,GB,London,51.470600,-0.461941
1709588022,154.54.0.229,be2073.ccr31.jfk05.atlas.cogentco.com,US,New York,40.639801,-73.778900
1709588022,154.54.44.74,be3284.ccr21.slc01.atlas.cogentco.com,US,Salt Lake City,40.788399,-111.977997
1709588022,154.54.72.109,be2779.ccr41.par01.atlas.cogentco.com,FR,Paris,49.012798,2.550000
1709588022,154.54.41.146,be3037.ccr21.den01.atlas.cogentco.com,US,Denver,39.861698,-104.672997
1709588022,104.44.22.215,be-100-0.ibr01.ams30.ntwk.msn.net,NL,Amsterdam,52.308601,4.763890
1709588022,104.44.41.164,ae33-0.icr02.lon22.ntwk.msn.net,GB,London,51.470600,-0.461941
1709588022,154.54.7.130,be2718.ccr22.cle04.atlas.cogentco.com,US,Cleveland,41.411701,-81.849800
1709588022,154.54.60.6,be3487.ccr51.lhr01.atlas.cogentco.com,GB,London,51.470600,-0.461941
1709588022,154.54.5.102,be3144.ccr41.sjc03.atlas.cogentco.com,US,San Jose,37.362598,-121.929001
1709588022,104.44.19.100,be-12-0.ibr02.mrs20.ntwk.msn.net,FR,Marseille,43.439272,5.221424
1709588022,154.54.44.161,be3042.ccr21.lpl01.atlas.cogentco.com,GB,Liverpool,53.333599,-2.849720
1709588022,104.44.23.238,be-124-0.ibr02.ams21.ntwk.msn.net,NL,Amsterdam,52.308601,4.763890
1709588022,45.11.104.9,po30.0103.hkg12.hk.misaka.io,HK,Hong Kong,22.320304,114.198074
1709588022,104.44.16.19,be-7-0.ibr01.ewr30.ntwk.msn.net,US,Newark,40.692501,-74.168701
1709588022,104.44.29.168,be-8-0.ibr02.par30.ntwk.msn.net,FR,Paris,49.012798,2.550000
1709588022,66.28.4.238,be3599.ccr31.bos01.atlas.cogentco.com,US,Boston,42.364300,-71.005203
1709588022,104.44.42.190,ae27-0.icr02.hkg20.ntwk.msn.net,HK,Hong Kong,22.320304,114.198074
1709588022,104.44.21.143,be-102-0.ibr01.mwh01.ntwk.msn.net,US,Moses Lake,47.207699,-119.320000
1709588022,104.44.19.117,be-7-0.ibr01.ber20.ntwk.msn.net,DE,Berlin,52.351389,13.493889
1709588022,104.44.7.51,be-12-0.ibr02.lon22.ntwk.msn.net,GB,London,51.470600,-0.461941
1709588022,104.44.23.107,be-120-0.ibr02.fra21.ntwk.msn.net,DE,Frankfurt am Main,50.033333,8.570556
1709588022,104.44.19.87,be-5-0.ibr01.dsm05.ntwk.msn.net,US,Des Moines,41.534000,-93.663101
1709588022,104.44.17.4,be-13-0.ibr02.ewr30.ntwk.msn.net,US,Newark,40.692501,-74.168701
1709588022,129.250.2.12,ae-8.r20.nwrknj03.us.bb.gin.ntt.net,us
1709588022,104.44.17.225,be-18-0.ibr02.pus03.ntwk.msn.net,KR,Busan,35.179501,128.938004
1709588022,154.54.91.29,be3257.ccr21.sjc01.atlas.cogentco.com,US,San Jose,37.362598,-121.929001
1709588022,37.49.236.178,etisalat.par.franceix.net,FR,Paris,49.012798,2.550000
1709588022,104.44.28.89,be-19-0.ibr02.pus03.ntwk.msn.net,KR,Busan,35.179501,128.938004
1709588022,129.250.4.73,ae-1.r22.sngpsi07.sg.bb.gin.ntt.net,sg
1709588022,104.44.230.68,ae22-0.icr03.ams21.ntwk.msn.net,NL,Amsterdam,52.308601,4.763890
1709588022,104.44.230.44,ae28-0.icr01.ams30.ntwk.msn.net,NL,Amsterdam,52.308601,4.763890
1709588022,184.104.199.150,port-channel1.core1.sin2.he.net,SG,Singapore,1.350190,103.994003
1709588022,129.250.5.237,ae-8.r22.sngpsi07.sg.bb.gin.ntt.net,sg
1709588022,64.125.25.72,ae12.cs3.ord2.us.zip.zayo.com,US,Chicago,41.978600,-87.904800
1709588022,154.54.42.98,be3038.ccr22.den01.atlas.cogentco.com,US,Denver,39.861698,-104.672997
1709588022,129.250.3.46,ae-2.r21.parsfr04.fr.bb.gin.ntt.net,fr
1709588022,154.54.61.170,be3768.rcr31.fra06.atlas.cogentco.com,DE,Frankfurt am Main,50.033333,8.570556
1709588022,104.44.230.30,ae21-0.icr04.ams30.ntwk.msn.net,NL,Amsterdam,52.308601,4.763890
1709588022,104.44.232.129,ae22-0.icr02.fra21.ntwk.msn.net,DE,Frankfurt am Main,50.033333,8.570556
1709588022,104.44.28.162,be-21-0.ibr01.mrs21.ntwk.msn.net,FR,Marseille,43.439272,5.221424
1709588022,104.44.18.222,be-8-0.ibr01.cys04.ntwk.msn.net,US,Cheyenne,41.155701,-104.811997
1709588022,154.54.1.5,be3238.ccr21.sea02.atlas.cogentco.com,US,Seattle,47.449001,-122.308998
1709588022,154.54.43.18,be2088.ccr21.alb02.atlas.cogentco.com,US,Albany,42.748299,-73.801697
1709588022,154.54.86.109,be2029.ccr32.slc01.atlas.cogentco.com,US,Salt Lake City,40.788399,-111.977997
1709588022,149.6.43.205,be4214.rcr21.b019066-1.fra03.atlas.cogentco.com,DE,Frankfurt am Main,50.033333,8.570556
1709588022,154.54.39.149,be2391.ccr51.lhr01.atlas.cogentco.com,GB,London,51.470600,-0.461941
1709588022,154.54.61.33,be2151.ccr32.par04.atlas.cogentco.com,FR,Paris,49.012798,2.550000
1709588022,154.54.91.33,be3258.ccr22.sjc01.atlas.cogentco.com,US,San Jose,37.362598,-121.929001
1709588022,154.54.61.17,be2102.ccr41.par01.atlas.cogentco.com,FR,Paris,49.012798,2.550000
1709588022,129.250.5.16,ae-8.r23.chcgil09.us.bb.gin.ntt.net,us
1709588022,130.117.15.69,be6453.agr21.par04.atlas.cogentco.com,FR,Paris,49.012798,2.550000
1709588022,64.125.15.96,ae71.zayo.ter1.lga5.us.zip.zayo.com,US,New York,40.777199,-73.872597
1709588022,154.54.88.49,be2414.ccr21.hkg02.atlas.cogentco.com,HK,Hong Kong,22.320304,114.198074
1709588022,154.54.6.222,be2717.ccr21.cle04.atlas.cogentco.com,US,Cleveland,41.411701,-81.849800
1709588022,154.54.27.161,be3247.ccr22.sea02.atlas.cogentco.com,US,Seattle,47.449001,-122.308998
1709588022,66.28.4.41,be2742.ccr41.fra03.atlas.cogentco.com,DE,Frankfurt am Main,50.033333,8.570556
1709588022,129.250.5.61,ae-4.r22.sngpsi07.sg.bb.gin.ntt.net,sg
1709588022,64.125.23.116,ae25.cs1.lga5.us.eth.zayo.com,US,New York,40.777199,-73.872597
1709588022,72.52.84.154,bacom-as577.10gigabitethernet4.switch2.sea1.he.net,US,Seattle,47.449001,-122.308998
1709588022,149.11.180.185,be6823.nr51.b015923-1.fra03.atlas.cogentco.com,DE,Frankfurt am Main,50.033333,8.570556
1709588022,87.230.113.1,ae0.lon5-cr-merak.bb.gdinf.net,GB,London,51.470600,-0.461941
1709588022,180.87.112.142,if-ae-7-2.thar1.hk2-hongkong.as6453.net,HK,Hong Kong,22.278320,114.174690
1709588022,104.44.230.199,ae30-0.ear06.mrs20.ntwk.msn.net,FR,Marseille,43.439272,5.221424
1709588022,129.250.200.158,xe-1-5-0-2.a02.miamfl02.us.ce.gin.ntt.net,us
1709588022,130.117.1.118,be3187.ccr42.fra03.atlas.cogentco.com,DE,Frankfurt am Main,50.033333,8.570556
1709588022,130.117.0.1,be3186.ccr41.fra03.atlas.cogentco.com,DE,Frankfurt am Main,50.033333,8.570556
1709588022,64.125.23.46,ae12.cs2.sea1.us.eth.zayo.com,US,Seattle,47.449001,-122.308998
1709588022,129.250.3.174,ae-10.r25.snjsca04.us.bb.gin.ntt.net,us
1709588022,129.250.2.133,ae-1.r20.sydnau05.au.bb.gin.ntt.net,au
1709588022,128.241.9.55,ae-0.trustpower.snjsca09.us.bb.gin.ntt.net,us
1709588022,154.54.61.161,be2382.ccr42.lon13.atlas.cogentco.com,GB,London,51.470600,-0.461941
1709588022,154.54.61.166,be3732.rcr31.fra06.atlas.cogentco.com,DE,Frankfurt am Main,50.033333,8.570556
1709588022,202.68.65.33,ce-0-0-2-100.a00.sydnau05.au.ce.gin.ntt.net,au
1709588022,129.250.4.151,ae-3.r25.lsanca07.us.bb.gin.ntt.net,us
1709588022,129.250.4.137,ae-6.r21.amstnl07.nl.bb.gin.ntt.net,nl
1709588022,104.44.29.134,be-3-0.ibr02.bom31.ntwk.msn.net,IN,Mumbai,19.088699,72.867897
1709588022,154.54.31.90,be3036.ccr22.mci01.atlas.cogentco.com,US,Kansas City,39.297600,-94.713898
1709588022,154.18.5.209,te0-4-0-5-2.ccr21.hkg02.atlas.cogentco.com,HK,Hong Kong,22.320304,114.198074
1709588022,128.241.7.159,ae-0.reliance-jio-infocomm.nycmny17.us.bb.gin.ntt.net,us
1709588022,104.44.42.142,ae29-0.icr01.hkg20.ntwk.msn.net,HK,Hong Kong,22.320304,114.198074
1709588022,104.44.42.196,ae26-0.icr02.hkg31.ntwk.msn.net,HK,Hong Kong,22.320304,114.198074
1709588022,104.44.42.176,ae27-0.icr01.hkg31.ntwk.msn.net,HK,Hong Kong,22.320304,114.198074
1709588022,129.250.2.67,ae-4.r27.osakjp02.jp.bb.gin.ntt.net,jp
1709588022,149.11.38.189,te0-2-0-6.ccr21.ams04.atlas.cogentco.com,NL,Amsterdam,52.308601,4.763890
1709588022,129.250.6.16,ae-0.r20.nwrknj03.us.bb.gin.ntt.net,us
1709588022,129.250.2.167,ae-6.r21.nwrknj03.us.bb.gin.ntt.net,us
1709588022,104.44.230.42,ae24-0.icr01.ams21.ntwk.msn.net,NL,Amsterdam,52.308601,4.763890
1709588022,104.44.30.99,be-2-0.ibr02.fra23.ntwk.msn.net,DE,Frankfurt am Main,50.033333,8.570556
1709588022,104.44.29.162,be-3-0.ibr02.sto30.ntwk.msn.net,SE,Stockholm,59.651901,17.918600
1709588022,104.44.29.252,be-3-0.ibr02.cle02.ntwk.msn.net,US,Cleveland,41.411701,-81.849800
1709588022,104.44.28.123,be-8-0.ibr02.ams30.ntwk.msn.net,NL,Amsterdam,52.308601,4.763890
1709588022,129.250.2.50,ae-10.r32.tokyjp05.jp.bb.gin.ntt.net,jp
1709588022,129.250.3.79,ae-0.a04.lsanca07.us.bb.gin.ntt.net,us
1709588022,129.250.3.9,ae-0.a02.nycmny17.us.bb.gin.ntt.net,us
1709588022,63.243.226.5,if-ae-49-2.tcore2.00s-seattle.as6453.net,US,Seattle,47.606210,-122.332070
1709588022,129.250.3.146,ae-5.r24.snjsca04.us.bb.gin.ntt.net,us
1709588022,180.87.15.208,if-ae-18-2.tcore2.svw-singapore.as6453.net,SG,Singapore,1.289670,103.850070
1709588022,63.243.180.65,if-bundle-19-2.qcore1.esin4-singapore.as6453.net,SG,Singapore,1.289670,103.850070
1709588022,129.250.5.62,ae-0.a02.sngpsi07.sg.bb.gin.ntt.net,sg
1709588022,129.250.2.26,ae-0.r22.chcgil09.us.bb.gin.ntt.net,us
1709588022,104.44.31.2,be-15-0.ibr02.lon22.ntwk.msn.net,GB,London,51.470600,-0.461941
1709588022,104.44.21.151,be-162-0.ibr02.mwh01.ntwk.msn.net,US,Moses Lake,47.207699,-119.320000
1709588022,104.44.42.78,ae24-0.icr02.fra23.ntwk.msn.net,DE,Frankfurt am Main,50.033333,8.570556
1709588022,116.0.82.63,if-ae-2-2.tcore2.hk2-hongkong.as6453.net,HK,Hong Kong,22.278320,114.174690
1709588022,104.44.28.63,be-3-0.ibr01.fra23.ntwk.msn.net,DE,Frankfurt am Main,50.033333,8.570556
1709588022,104.44.19.45,be-2-0.ibr04.fra30.ntwk.msn.net,DE,Frankfurt am Main,50.033333,8.570556
1709588022,104.44.11.131,be-102-0.ibr01.hkg20.ntwk.msn.net,HK,Hong Kong,22.320304,114.198074
1709588022,104.44.18.224,be-7-0.ibr02.cys04.ntwk.msn.net,US,Cheyenne,41.155701,-104.811997
1709588022,104.44.30.110,be-14-0.ibr02.lon24.ntwk.msn.net,GB,London,51.470600,-0.461941
1709588022,116.0.93.146,if-ae-37-4.tcore2.hk2-hongkong.as6453.net,HK,Hong Kong,22.278320,114.174690
1709588022,104.44.11.121,be-102-0.ibr01.hkg31.ntwk.msn.net,HK,Hong Kong,22.320304,114.198074
1709588022,104.44.11.135,be-100-0.ibr01.hkg20.ntwk.msn.net,HK,Hong Kong,22.320304,114.198074
1709588022,129.250.2.42,ae-4.r26.osakjp02.jp.bb.gin.ntt.net,jp
1709588022,195.219.87.214,if-ae-50-2.tcore2.fnm-frankfurt.as6453.net,DE,Frankfurt am Main,50.115520,8.684170
1709588022,64.125.23.44,ae11.cs1.sea1.us.eth.zayo.com,US,Seattle,47.449001,-122.308998
1709588022,104.44.22.235,be-100-0.ibr01.ams21.ntwk.msn.net,NL,Amsterdam,52.308601,4.763890
1709588022,104.44.11.141,be-120-0.ibr02.hkg31.ntwk.msn.net,HK,Hong Kong,22.320304,114.198074
1709588022,104.44.19.12,be-8-0.ibr02.mrs20.ntwk.msn.net,FR,Marseille,43.439272,5.221424
1709588023,5.254.73.90,fra-eq5-02gw.voxility.net,DE,Frankfurt am Main,50.033333,8.570556
1709588022,129.250.5.55,ae-4.r32.tokyjp05.jp.bb.gin.ntt.net,jp
1709588022,129.250.3.81,ae-1.a04.lsanca07.us.bb.gin.ntt.net,us
1709588022,129.250.202.94,xe-3-3-0-1.a03.miamfl02.us.ce.gin.ntt.net,us
1709588022,129.250.2.196,ae-2.r23.miamfl02.us.bb.gin.ntt.net,us
1709588022,185.156.45.5,vl1104.sgp-eq3-core-1.cdn77.com,AU,Shay Gap,-20.424700,120.140999
1709588022,138.199.0.223,vl212.sgp-eq3-edge-1.cdn77.com,AU,Shay Gap,-20.424700,120.140999
1709588022,138.199.0.221,vl211.sgp-eq3-edge-1.cdn77.com,AU,Shay Gap,-20.424700,120.140999
1709588022,129.250.2.243,ae-13.r33.tokyjp05.jp.bb.gin.ntt.net,jp
1709588022,129.250.7.71,ae-1.a00.amstnl07.nl.bb.gin.ntt.net,nl
1709588022,129.250.2.108,ae-1.a02.miamfl02.us.bb.gin.ntt.net,us
1709588022,129.250.9.63,ae-0.pccw.sydnau05.au.bb.gin.ntt.net,au
1709588022,129.250.9.186,xe-1.cnc-g.osakjp02.jp.bb.gin.ntt.net,jp
1709588022,180.87.39.21,if-ae-12-2.tcore1.l78-london.as6453.net,GB,London,51.508530,-0.125740
1709588022,129.250.7.48,ae-5.r21.sydnau06.au.bb.gin.ntt.net,au
1709588022,129.250.7.31,ae-1.r03.osakjp02.jp.bb.gin.ntt.net,jp
1709588022,129.250.3.38,ae-9.r20.parsfr04.fr.bb.gin.ntt.net,fr
1709588023,5.254.112.198,ams-eq6-01gw.voxility.net,NL,Amsterdam,52.308601,4.763890
1709588022,154.54.72.225,be2780.ccr42.par01.atlas.cogentco.com,FR,Paris,49.012798,2.550000
1709588022,154.54.31.234,be2994.ccr32.yyz02.atlas.cogentco.com,CA,Toronto,43.677200,-79.630600
1709588022,154.54.42.90,be3260.ccr22.ymq01.atlas.cogentco.com,CA,Montreal,45.470600,-73.740799
1709588022,154.54.28.74,be2763.ccr41.dfw03.atlas.cogentco.com,US,Dallas-Fort Worth,32.896801,-97.038002
1709588022,154.54.36.54,be2959.ccr21.muc03.atlas.cogentco.com,DE,Munich,48.137798,11.690300
1709588022,149.6.71.169,be4338.rcr21.b016833-0.waw01.atlas.cogentco.com,PL,Warsaw,52.165699,20.967100
1709588022,104.44.29.132,be-31-0.ibr02.par21.ntwk.msn.net,FR,Paris,49.012798,2.550000
1709588022,104.44.20.248,be-102-0.ibr01.fra23.ntwk.msn.net,DE,Frankfurt am Main,50.033333,8.570556
1709588022,104.44.29.250,be-11-0.ibr01.cle02.ntwk.msn.net,US,Cleveland,41.411701,-81.849800
1709588022,154.54.87.225,be2923.ccr31.sin01.atlas.cogentco.com,SG,Singapore,1.350190,103.994003
1709588022,104.44.53.189,ae28-0.icr02.mwh01.ntwk.msn.net,US,Moses Lake,47.207699,-119.320000
1709588022,154.54.87.214,be2919.ccr32.mrs02.atlas.cogentco.com,FR,Marseille,43.439272,5.221424
1709588022,154.54.140.65,be3492.rcr51.hkg01.atlas.cogentco.com,HK,Hong Kong,22.320304,114.198074
1709588022,129.250.66.138,ae-0.cnc-g.osakjp02.jp.bb.gin.ntt.net,jp
1709588022,104.44.37.27,ae63-0.ier01.tlv30.ntwk.msn.net,IL,Tel Aviv,32.011398,34.886700
1709588022,104.44.235.190,ae27-0.icr01.fra21.ntwk.msn.net,DE,Frankfurt am Main,50.033333,8.570556
1709588022,128.241.9.54,ae-3.a00.snjsca09.us.bb.gin.ntt.net,us
1709588022,80.231.165.25,if-bundle-2-2.qcore2.emrs2-marseille.as6453.net,FR,Marseille,43.296950,5.381070
1709588022,116.0.93.210,ix-ae-20-0.tcore2.hk2-hongkong.as6453.net,HK,Hong Kong,22.278320,114.174690
1709588022,80.231.131.161,if-ae-14-2.tcore2.av2-amsterdam.as6453.net,NL,Amsterdam,52.374030,4.889690
1709588022,80.231.131.117,if-ae-15-2.tcore2.l78-london.as6453.net,GB,London,51.508530,-0.125740
1709588022,129.250.7.66,ae-7.r22.sngpsi07.sg.bb.gin.ntt.net,sg
1709588022,63.243.128.26,if-ae-7-2.tcore1.n0v-newyork.as6453.net,US,New York,40.714270,-74.005970
1709588022,154.54.38.170,be3375.ccr42.fra03.atlas.cogentco.com,DE,Frankfurt am Main,50.033333,8.570556
1709588022,154.54.61.21,be2103.ccr42.par01.atlas.cogentco.com,FR,Paris,49.012798,2.550000
1709588022,154.54.3.213,be2433.ccr32.dfw01.atlas.cogentco.com,US,Dallas-Fort Worth,32.896801,-97.038002
1709588022,154.54.5.90,be3035.ccr21.mci01.atlas.cogentco.com,US,Kansas City,39.297600,-94.713898
1709588022,154.54.59.253,be4356.rcr71.b059546-0.ams03.atlas.cogentco.com,NL,Amsterdam,52.308601,4.763890
1709588022,154.54.61.157,be2375.ccr41.lon13.atlas.cogentco.com,GB,London,51.470600,-0.461941
1709588022,154.54.58.6,be2974.ccr51.vie01.atlas.cogentco.com,AT,Vienna,48.110298,16.569700
1709588022,154.54.38.65,be3183.ccr41.par01.atlas.cogentco.com,FR,Paris,49.012798,2.550000
1709588022,80.231.154.32,if-bundle-15-2.qcore1.pye-paris.as6453.net,FR,Paris,48.853410,2.348800
1709588022,130.117.14.198,telia.fra03.atlas.cogentco.com,DE,Frankfurt am Main,50.033333,8.570556
1709588022,216.6.90.22,if-ae-2-2.tcore2.n0v-newyork.as6453.net,US,New York,40.714270,-74.005970
1709588022,154.25.5.49,be3576.agr41.fra03.atlas.cogentco.com,DE,Frankfurt am Main,50.033333,8.570556
1709588022,154.54.1.194,be3142.ccr41.sjc03.atlas.cogentco.com,US,San Jose,37.362598,-121.929001
1709588022,154.54.88.1,be2531.ccr31.jfk10.atlas.cogentco.com,US,New York,40.639801,-73.778900
1709588022,154.54.47.214,be2764.ccr41.dfw03.atlas.cogentco.com,US,Dallas-Fort Worth,32.896801,-97.038002
1709588022,154.54.44.170,be2832.ccr42.ord01.atlas.cogentco.com,US,Chicago,41.978600,-87.904800
1709588022,154.54.56.145,be4516.agr21.fra06.atlas.cogentco.com,DE,Frankfurt am Main,50.033333,8.570556
1709588022,154.54.9.26,telia.bos01.atlas.cogentco.com,US,Boston,42.364300,-71.005203
1709588022,154.54.46.178,be2766.ccr41.ord03.atlas.cogentco.com,US,Chicago,41.978600,-87.904800
1709588022,180.87.67.45,ix-be-10.ecore1.svw-singapore.as6453.net,SG,Singapore,1.289670,103.850070
1709588022,180.87.36.41,if-be-34-2.ecore2.esin4-singapore.as6453.net,SG,Singapore,1.289670,103.850070
1709588022,154.18.16.65,te0-1-1-8.ccr31.sin01.atlas.cogentco.com,SG,Singapore,1.350190,103.994003
1709588022,213.200.116.225,ae21.cr2-fra6.ip4.gtt.net,DE,Frankfurt am Main,50.033333,8.570556
1709588022,80.231.154.61,if-ae-55-6.tcore1.pvu-paris.as6453.net,FR,Paris,48.853410,2.348800
1709588022,185.156.45.6,vl1104.sgp-eq3-core-2.cdn77.com,AU,Shay Gap,-20.424700,120.140999
1709588022,149.14.69.129,te0-5-0-7-3.agr21.fra06.atlas.cogentco.com,DE,Frankfurt am Main,50.033333,8.570556
1709588022,195.219.50.99,if-ae-51-4.tcore1.fr0-frankfurt.as6453.net,DE,Frankfurt am Main,50.115520,8.684170
1709588022,104.44.41.31,ae23-0.ear01.hkg30.ntwk.msn.net,HK,Hong Kong,22.320304,114.198074
1709588022,104.44.33.115,be-20-0.ibr01.hkg30.ntwk.msn.net,HK,Hong Kong,22.320304,114.198074
1709588022,104.44.33.119,be-21-0.ibr02.hkg30.ntwk.msn.net,HK,Hong Kong,22.320304,114.198074
1709588022,195.219.50.61,if-ae-59-9.tcore2.fnm-frankfurt.as6453.net,DE,Frankfurt am Main,50.115520,8.684170
1709588022,104.44.11.151,be-120-0.ibr02.hkg20.ntwk.msn.net,HK,Hong Kong,22.320304,114.198074
1709588022,104.44.11.147,be-122-0.ibr02.hkg20.ntwk.msn.net,HK,Hong Kong,22.320304,114.198074
1709588022,104.44.11.137,be-122-0.ibr02.hkg31.ntwk.msn.net,HK,Hong Kong,22.320304,114.198074
1709588022,180.87.169.18,if-hge-0-0-0-15.ecore1.hk2-hongkong.as6453.net,HK,Hong Kong,22.278320,114.174690
1709588022,208.184.12.128,zayo.ae68.ter1.sea1.us.zip.zayo.com,US,Seattle,47.449001,-122.308998
1709588022,195.219.50.233,if-ae-59-8.tcore1.fr0-frankfurt.as6453.net,DE,Frankfurt am Main,50.115520,8.684170
1709588022,45.142.244.2,v500.cr01.lon07.gb.misaka.io,GB,London,51.470600,-0.461941
1709588022,184.104.196.221,port-channel3.core2.sea1.he.net,US,Seattle,47.449001,-122.308998
1709588022,80.231.153.168,if-ae-55-4.tcore1.pvu-paris.as6453.net,FR,Paris,48.853410,2.348800
1709588022,129.250.4.142,ae-5.r24.sttlwa01.us.bb.gin.ntt.net,us
1709588022,129.250.6.176,ae-11.r20.nwrknj03.us.bb.gin.ntt.net,us
1709588022,195.219.87.215,if-be-50-2.ecore2.emrs2-marseille.as6453.net,FR,Marseille,43.296950,5.381070
1709588022,195.219.87.215,if-bundle-50-2.qcore2.emrs2-marseille.as6453.net,FR,Marseille,43.296950,5.381070
1709588022,116.0.93.138,if-ae-37-8.tcore2.hk2-hongkong.as6453.net,HK,Hong Kong,22.278320,114.174690
1709588022,45.11.107.75,gw-as25369.cr01.lon07.gb.misaka.io,GB,London,51.470600,-0.461941
1709588022,213.200.115.161,ae32.cr1-fra6.ip4.gtt.net,DE,Frankfurt am Main,50.033333,8.570556
1709588022,129.250.7.46,ae-1.a03.miamfl02.us.bb.gin.ntt.net,us
1709588022,103.26.68.128,as24324.sydney.megaport.com,AU,Sydney,-33.867850,151.207320
1709588022,103.26.68.78,as13335.sydney.megaport.com,AU,Sydney,-33.867850,151.207320
1709588022,80.231.20.16,if-ae-65-2.tcore2.ldn-london.as6453.net,GB,London,51.508530,-0.125740
1709588022,64.125.29.27,ae2.cs3.ord2.us.eth.zayo.com,US,Chicago,41.978600,-87.904800
1709588022,104.44.45.159,ae87-0.ier01.hkg30.ntwk.msn.net,HK,Hong Kong,22.320304,114.198074
1709588022,104.44.45.9,ae86-0.ier01.hkg30.ntwk.msn.net,HK,Hong Kong,22.320304,114.198074
1709588022,184.104.199.210,100ge0-68.core2.tyo1.he.net,JP,Tokyo / Narita,35.764702,140.386002
1709588022,154.54.87.117,be2843.ccr42.fra03.atlas.cogentco.com,DE,Frankfurt am Main,50.033333,8.570556
1709588022,154.54.58.230,be2798.ccr42.ham01.atlas.cogentco.com,DE,Hamburg,53.630402,9.988230
1709588022,154.54.61.230,be2504.rcr21.cph01.atlas.cogentco.com,DK,Copenhagen,55.617901,12.656000
1709588022,184.105.64.130,port-channel2.core3.tyo1.he.net,JP,Tokyo / Narita,35.764702,140.386002
1709588022,45.11.104.7,spine3.hkg12.hk.misaka.io,HK,Hong Kong,22.320304,114.198074
1709588022,184.104.212.73,e0-28.switch1.hkg1.he.net,HK,Hong Kong,22.320304,114.198074
1709588022,63.141.219.113,ae0-10.cr3-sea2.ip4.gtt.net,US,Seattle,47.449001,-122.308998
1709588022,84.17.32.61,time-sgp.cdn77.com,AU,Shay Gap,-20.424700,120.140999
1709588022,116.51.31.53,xe-0-0-0-0-5.r01.seolko02.kr.bb.gin.ntt.net,kr
1709588022,46.33.83.161,ae10.cr5-mrs1.ip4.gtt.net,FR,Marseille,43.439272,5.221424
1709588022,129.250.6.127,ae-2.r00.tokyjp08.jp.bb.gin.ntt.net,jp
1709588022,129.250.5.54,ae-1.r33.tokyjp05.jp.bb.gin.ntt.net,jp
1709588022,195.66.225.173,ae1.lon1-cr-sargas.bb.gdinf.net,GB,London,51.470600,-0.461941
1709588022,37.49.236.144,ovh.par.franceix.net,FR,Paris,49.012798,2.550000
1709588022,212.113.8.42,ae0-3356.lon10.core-backbone.com,GB,London,51.470600,-0.461941
1709588022,63.243.226.8,ix-be-32.ecore1.00s-seattle.as6453.net,US,Seattle,47.606210,-122.332070
1709588022,129.250.4.232,ae-1.a02.osakjp02.jp.bb.gin.ntt.net,jp
1709588022,41.206.127.102,ae-2-26.cdn-gw-cloudflare.dr-01-dar.tz.seacomnet.com,TZ,Dar es Salaam,-6.878110,39.202599
1709588022,116.0.67.111,if-ae-28-3.tcore2.tv2-tokyo.as6453.net,JP,Tokyo,35.689500,139.691710
1709588022,116.0.93.134,ix-be-41-100.ecore1.hk2-hongkong.as6453.net,HK,Hong Kong,22.278320,114.174690
1709588022,213.254.230.165,ae13.cr10-chi1.ip4.gtt.net,US,Chicago,41.978600,-87.904800
1709588022,65.49.108.90,port-channel10.core2.tyo1.he.net,JP,Tokyo / Narita,35.764702,140.386002
1709588022,64.125.28.195,ae4.mpr1.lhr15.uk.zip.zayo.com,GB,London,51.470600,-0.461941
1709588022,104.44.11.125,be-100-0.ibr01.hkg31.ntwk.msn.net,HK,Hong Kong,22.320304,114.198074
1709588022,129.250.4.181,ae-8.r21.vienat02.at.bb.gin.ntt.net,at
1709588022,66.198.155.32,if-bundle-12-2.qcore2.aeq-ashburn.as6453.net,US,Ashburn,39.043720,-77.487490
1709588022,80.231.154.149,if-ae-11-3.tcore1.pvu-paris.as6453.net,FR,Paris,48.853410,2.348800
1709588022,104.44.28.173,be-23-0.ibr02.mrs20.ntwk.msn.net,FR,Marseille,43.439272,5.221424
1709588022,80.81.196.161,ae1.fra10-cr-antares.bb.gdinf.net,DE,Frankfurt am Main,50.033333,8.570556
1709588022,104.44.29.167,be-8-0.ibr01.mrs21.ntwk.msn.net,FR,Marseille,43.439272,5.221424
1709588022,180.87.108.3,if-be-49-2.ecore1.esin4-singapore.as6453.net,SG,Singapore,1.289670,103.850070
1709588022,76.74.114.46,ae26.cr4-sea2.ip4.gtt.net,US,Seattle,47.449001,-122.308998
1709588022,129.250.5.24,ae-2.r00.saplbr02.br.bb.gin.ntt.net,br
1709588022,129.250.5.7,ae-1.r03.tokyjp05.jp.bb.gin.ntt.net,jp
1709588022,180.87.162.224,if-ae-23-169.thar1.h81-hongkong.as6453.net,HK,Hong Kong,22.278320,114.174690
1709588022,105.16.13.137,ce-0-0-47.cr-01-lhr.uk.seacomnet.com,GB,London,51.470600,-0.461941
1709588022,105.16.14.154,xe-0-7-0-0.cr-02-cpt.za.seacomnet.com,ZA,Cape Town,-33.964802,18.601700
1709588022,212.222.126.65,et-2-0-7.cr5-mrs1.ip4.gtt.net,FR,Marseille,43.439272,5.221424
1709588022,54.36.50.135,be101.mrs-mrs1-sbb1-nc5.fr.eu,FR,Marseille,43.439272,5.221424
1709588022,180.87.181.108,ix-ae-9-0.tcore1.tv2-tokyo.as6453.net,JP,Tokyo,35.689500,139.691710
1709588022,129.250.5.65,ae-5.r23.sngpsi07.sg.bb.gin.ntt.net,sg
1709588022,195.219.50.17,if-ae-4-3.tcore1.fr0-frankfurt.as6453.net,DE,Frankfurt am Main,50.115520,8.684170
1709588022,202.68.65.32,ce-0-0-2-100.a00.sydnau05.au.bb.gin.ntt.net,au
1709588022,129.250.7.15,ae-14.r32.tokyjp05.jp.bb.gin.ntt.net,jp
1709588022,64.86.79.2,if-ae-22-2.tcore1.ct8-chicago.as6453.net,US,Chicago,41.850030,-87.650050
1709588022,141.136.107.233,ae10.cr6-fra2.ip4.gtt.net,DE,Frankfurt am Main,50.033333,8.570556
1709588022,105.16.8.202,ce-3-0-2.er-01-ams.nl.seacomnet.com,NL,Amsterdam,52.308601,4.763890
1709588022,105.16.8.234,ce-0-0-19.cr-02-mrs.fr.seacomnet.com,FR,Marseille,43.439272,5.221424
1709588022,105.16.11.181,ce-0-0-43.cr-01-emg.za.seacomnet.com,ZA,Empangeni,-28.719999,31.889999
1709588022,105.16.8.18,xe-0-0-0-0.cr-02-dar.tz.seacomnet.com,TZ,Dar es Salaam,-6.878110,39.202599
1709588022,105.16.13.150,xe-0-1-0.er-01-fra.de.seacomnet.com,DE,Frankfurt am Main,50.033333,8.570556
1709588022,104.44.239.22,ae25-0.icr01.par30.ntwk.msn.net,FR,Paris,49.012798,2.550000
1709588022,64.125.29.84,ae0.cs1.cdg12.fr.eth.zayo.com,FR,Paris,49.012798,2.550000
1709588022,180.87.15.237,if-ae-10-2.tcore1.nto-newyork.as6453.net,US,New York,40.714270,-74.005970
1709588022,105.16.8.210,ce-4-0-2.er-01-ams.nl.seacomnet.com,NL,Amsterdam,52.308601,4.763890
1709588022,105.16.12.134,xe-0-1-0-5.cr-01-dar.tz.seacomnet.com,TZ,Dar es Salaam,-6.878110,39.202599
1709588022,61.213.179.177,xe-1-5-0-0-1.a00.tokyjp09.jp.bb.gin.ntt.net,jp
1709588022,114.31.192.113,be2.bdr01.syd05.nsw.vocus.network,AU,Sydney,-33.946098,151.177002
1709588022,105.16.12.146,xe-0-1-0-6.cr-02-dar.tz.seacomnet.com,TZ,Dar es Salaam,-6.878110,39.202599
1709588022,105.16.12.138,xe-0-1-0-5.cr-02-dar.tz.seacomnet.com,TZ,Dar es Salaam,-6.878110,39.202599
1709588022,105.16.12.158,xe-1-0-1-0.er-01-fra.de.seacomnet.com,DE,Frankfurt am Main,50.033333,8.570556
1709588022,168.143.105.159,ae-0.globenet-cabos.nycmny17.us.bb.gin.ntt.net,us
1709588022,80.81.195.144,fra-eq5-01gw.voxility.net,DE,Frankfurt am Main,50.033333,8.570556
1709588022,154.54.87.210,be2914.ccr31.mrs02.atlas.cogentco.com,FR,Marseille,43.439272,5.221424
1709588022,129.250.8.26,xe-0.cnc-g.osakjp02.jp.bb.gin.ntt.net,jp
1709588022,180.87.180.2,if-ae-2-2.tcore2.tv2-tokyo.as6453.net,JP,Tokyo,35.689500,139.691710
1709588022,154.54.61.214,be2444.rcr21.opo01.atlas.cogentco.com,PT,Porto,41.248100,-8.681390
1709588022,154.54.61.105,be2314.ccr32.bio02.atlas.cogentco.com,ES,Bilbao,43.301102,-2.910610
1709588022,154.54.61.34,be2151.agr21.par04.atlas.cogentco.com,FR,Paris,49.012798,2.550000
1709588022,154.54.61.22,be2103.ccr32.par04.atlas.cogentco.com,FR,Paris,49.012798,2.550000
1709588022,130.117.15.70,tata.par04.atlas.cogentco.com,FR,Paris,49.012798,2.550000
1709588022,154.54.61.118,be2318.ccr42.par01.atlas.cogentco.com,FR,Paris,49.012798,2.550000
1709588022,195.219.174.16,if-be-6-2.ecore1.emrs2-marseille.as6453.net,FR,Marseille,43.296950,5.381070
1709588022,195.219.174.16,if-bundle-6-2.qcore1.emrs2-marseille.as6453.net,FR,Marseille,43.296950,5.381070
1709588022,89.149.138.33,et-4-3-0.cr0-lon9.ip4.gtt.net,GB,London,51.470600,-0.461941
1709588022,154.54.5.34,be4429.ccr41.lon13.atlas.cogentco.com,GB,London,51.470600,-0.461941
1709588022,65.49.108.194,tt-dotcom-sdn-bhd.e0-8.core1.kul1.he.net,MY,Kuala Lumpur,2.745580,101.709999
1709588022,154.54.57.161,be2869.ccr42.lon13.atlas.cogentco.com,GB,London,51.470600,-0.461941
1709588022,116.0.67.4,if-ae-46-2.tcore1.hk2-hongkong.as6453.net,HK,Hong Kong,22.278320,114.174690
1709588023,129.250.2.107,ae-1.a01.parsfr05.fr.bb.gin.ntt.net,fr
1709588023,89.149.185.49,ae22.cr10-lon1.ip4.gtt.net,GB,London,51.470600,-0.461941
1709588023,104.44.30.198,be-3-0.ibr01.tyo31.ntwk.msn.net,JP,Tokyo / Narita,35.764702,140.386002
1709588023,104.44.33.111,be-32-0.ibr02.mrs20.ntwk.msn.net,FR,Marseille,43.439272,5.221424
1709588023,80.231.152.26,if-ae-11-2.tcore1.ad1-amsterdam.as6453.net,NL,Amsterdam,52.374030,4.889690
1709588023,180.87.84.129,if-bundle-33-2.qcore2.svw-singapore.as6453.net,SG,Singapore,1.289670,103.850070
1709588023,129.250.7.29,ae-12.r20.amstnl07.nl.bb.gin.ntt.net,nl
1709588023,213.200.117.58,ae15.cr6-ams1.ip4.gtt.net,NL,Amsterdam,52.308601,4.763890
1709588023,105.16.23.14,ae-1.dr-01-dar.tz.seacomnet.com,TZ,Dar es Salaam,-6.878110,39.202599
1709588023,180.87.181.207,if-ae-36-2.tcore1.av3-toyohashi.as6453.net,JP,Toyohashi,34.766670,137.383330
1709588023,105.16.34.8,ae-0.pp-01-lhr.uk.seacomnet.com,GB,London,51.470600,-0.461941
1709588023,114.31.192.109,be1.bdr01.syd05.nsw.vocus.network,AU,Sydney,-33.946098,151.177002
1709588023,104.44.28.163,be-21-0.ibr01.mrs20.ntwk.msn.net,FR,Marseille,43.439272,5.221424
1709588023,46.33.95.117,ae27-2910.cr8-fra2.ip4.gtt.net,DE,Frankfurt am Main,50.033333,8.570556
1709588023,104.44.11.221,be-100-0.ibr01.par30.ntwk.msn.net,FR,Paris,49.012798,2.550000
1709588023,180.87.181.75,if-ae-28-2.tcore2.tv2-tokyo.as6453.net,JP,Tokyo,35.689500,139.691710
1709588023,104.44.18.132,be-11-0.ibr01.bom31.ntwk.msn.net,IN,Mumbai,19.088699,72.867897
1709588023,104.44.17.242,be-14-0.ibr01.bom30.ntwk.msn.net,IN,Mumbai,19.088699,72.867897
1709588023,104.44.17.133,be-14-0.ibr01.dub07.ntwk.msn.net,IE,Dublin,53.421299,-6.270070
1709588023,104.44.18.152,be-10-0.ibr01.nyc30.ntwk.msn.net,US,New York,40.639801,-73.778900
1709588023,104.44.21.87,be-100-0.ibr01.lon22.ntwk.msn.net,GB,London,51.470600,-0.461941
1709588023,80.81.195.147,ae10-1.fra30.core-backbone.com,DE,Frankfurt am Main,50.033333,8.570556
1709588023,80.81.192.187,ae3-1.fra20.core-backbone.com,DE,Frankfurt am Main,50.033333,8.570556
1709588023,154.14.66.81,ae16-313.cr5-ams1.ip4.gtt.net,NL,Amsterdam,52.308601,4.763890
1709588023,154.54.2.198,be2085.ccr21.slc01.atlas.cogentco.com,US,Salt Lake City,40.788399,-111.977997
1709588023,180.87.3.131,if-ae-2-2.tcore2.av3-toyohashi.as6453.net,JP,Toyohashi,34.766670,137.383330
1709588023,129.250.6.177,ae-4.r24.sttlwa01.us.bb.gin.ntt.net,us
1709588023,105.16.32.8,ae-0.pp-01-mrs.fr.seacomnet.com,FR,Marseille,43.439272,5.221424
1709588023,105.16.9.22,ae-1.pp-01-fra.de.seacomnet.com,DE,Frankfurt am Main,50.033333,8.570556
1709588023,180.87.168.6,if-ae-45-2.tcore2.hk2-hongkong.as6453.net,HK,Hong Kong,22.278320,114.174690
1709588023,105.16.9.14,ae-0.pp-01-ams.nl.seacomnet.com,NL,Amsterdam,52.308601,4.763890
1709588023,64.125.26.151,ae3.mpr3.lhr8.uk.zip.zayo.com,GB,London,51.470600,-0.461941
1709588023,213.200.114.177,ae33.cr1-fra6.ip4.gtt.net,DE,Frankfurt am Main,50.033333,8.570556
1709588023,64.125.27.14,ae3.cs1.cdg11.fr.zip.zayo.com,FR,Paris,49.012798,2.550000
1709588023,105.16.8.254,xe-1-1-0.er-01-fra.de.seacomnet.com,DE,Frankfurt am Main,50.033333,8.570556
1709588023,105.16.8.198,ce-0-0-5.cr-01-lhr.uk.seacomnet.com,GB,London,51.470600,-0.461941
1709588023,103.243.102.147,xe2-2700-110.core1-akl1.vetta.net,NZ,Auckland,-37.008099,174.792007
1709588023,154.54.56.146,be4516.rcr31.fra06.atlas.cogentco.com,DE,Frankfurt am Main,50.033333,8.570556
1709588023,129.250.6.131,ae-2.r01.tokyjp08.jp.bb.gin.ntt.net,jp
1709588023,105.16.32.253,ce-0-0-2.br-02-mrs.fr.seacomnet.com,FR,Marseille,43.439272,5.221424
1709588023,141.136.110.41,ae9.cr6-fra2.ip4.gtt.net,DE,Frankfurt am Main,50.033333,8.570556
1709588023,105.16.33.254,ce-0-0-2.br-01-mrs.fr.seacomnet.com,FR,Marseille,43.439272,5.221424
1709588023,184.104.196.33,port-channel7.core3.sjc1.he.net,US,San Jose,37.362598,-121.929001
1709588023,105.16.33.8,ae-1.pp-01-mrs.fr.seacomnet.com,FR,Marseille,43.439272,5.221424
1709588023,184.105.64.14,port-channel2.core2.jib1.he.net,DJ,Djibouti City,11.547300,43.159500
1709588023,154.54.61.254,be2572.ccr21.lon02.atlas.cogentco.com,GB,London,51.470600,-0.461941
1709588023,154.54.61.158,be2375.rcr21.b015533-1.lon13.atlas.cogentco.com,GB,London,51.470600,-0.461941
1709588023,184.104.198.50,port-channel3.core1.mba1.he.net,KE,Mombasa,-4.034830,39.594200
1709588023,184.105.65.237,port-channel12.core3.sin1.he.net,SG,Singapore,1.350190,103.994003
1709588023,105.16.33.253,ce-0-0-1.br-02-mrs.fr.seacomnet.com,FR,Marseille,43.439272,5.221424
1709588023,105.16.8.54,ce-0-0-19.cr-01-mrs.fr.seacomnet.com,FR,Marseille,43.439272,5.221424
1709588023,105.16.13.146,xe-0-1-1.er-01-fra.de.seacomnet.com,DE,Frankfurt am Main,50.033333,8.570556
1709588023,105.16.32.254,ce-0-0-3.br-01-mrs.fr.seacomnet.com,FR,Marseille,43.439272,5.221424
1709588023,105.16.12.142,xe-0-1-0-6.cr-01-dar.tz.seacomnet.com,TZ,Dar es Salaam,-6.878110,39.202599
1709588023,105.25.160.113,ce-0-0-1.cr-01-emg.za.seacomnet.com,ZA,Empangeni,-28.719999,31.889999
1709588023,213.200.117.138,ae22.cr2-fra6.ip4.gtt.net,DE,Frankfurt am Main,50.033333,8.570556
1709588023,105.25.160.82,ce-0-0-49.cr-01-emg.za.seacomnet.com,ZA,Empangeni,-28.719999,31.889999
1709588023,105.25.160.186,ce-0-0-7.cr-02-mrs.fr.seacomnet.com,FR,Marseille,43.439272,5.221424
1709588023,105.25.160.190,ce-0-0-7.cr-01-mrs.fr.seacomnet.com,FR,Marseille,43.439272,5.221424
1709588023,105.25.160.114,ce-0-0-1.cr-01-mba.ke.seacomnet.com,KE,Mombasa,-4.034830,39.594200
1709588023,105.25.160.81,ce-0-2-7.cr-01-jnb.za.seacomnet.com,ZA,Johannesburg,-26.139200,28.246000
1709588023,80.231.154.30,if-ae-55-2.tcore1.pye-paris.as6453.net,FR,Paris,48.853410,2.348800
1709588023,195.219.174.10,if-be-30-2.ecore1.emrs2-marseille.as6453.net,FR,Marseille,43.296950,5.381070
1709588023,195.219.174.10,if-bundle-30-2.qcore1.emrs2-marseille.as6453.net,FR,Marseille,43.296950,5.381070
1709588023,81.25.197.189,xe-3-5-1-2.a00.mrslfr02.fr.bb.gin.ntt.net,fr
1709588023,37.49.236.118,amazon.par.franceix.net,FR,Paris,49.012798,2.550000
1709588023,37.49.236.118,amazon-th2.par.franceix.net,FR,Paris,49.012798,2.550000
1709588023,129.250.4.4,ae-12.r32.tokyjp05.jp.bb.gin.ntt.net,jp
1709588023,37.49.236.228,sggs.par.franceix.net,FR,Paris,49.012798,2.550000
1709588023,64.71.184.46,vocus-communications.e0-1.core3.sjc1.he.net,US,San Jose,37.362598,-121.929001
1709588023,80.231.154.33,if-bundle-15-2.qcore1.emrs2-marseille.as6453.net,FR,Marseille,43.296950,5.381070
1709588023,27.50.33.202,vocus-communications.e0-7.switch7.sin1.he.net,SG,Singapore,1.350190,103.994003
1709588023,128.241.10.148,xe-1-4-0-0.a02.londen12.uk.bb.gin.ntt.net,uk
1709588023,129.250.4.143,ae-9.r32.tokyjp05.jp.bb.gin.ntt.net,jp
1709588023,129.250.2.101,ae-1.r02.tokyjp08.jp.bb.gin.ntt.net,jp
1709588023,80.231.154.25,if-bundle-13-2.qcore1.pye-paris.as6453.net,FR,Paris,48.853410,2.348800
1709588023,51.10.2.80,ae34-0.icr01.lon22.ntwk.msn.net,GB,London,51.470600,-0.461941
1709588023,103.196.50.243,edge1.mrs01.as132337.net,FR,Marseille,43.439272,5.221424
1709588023,129.250.3.251,ae-1.a03.londen12.uk.bb.gin.ntt.net,uk
1709588023,212.221.17.45,et-2-0-2.cr7-fra2.ip4.gtt.net,DE,Frankfurt am Main,50.033333,8.570556
1709588023,74.82.46.122,pldt.10gigabitethernet7-8.core1.hkg1.he.net,HK,Hong Kong,22.320304,114.198074
1709588023,129.250.7.9,ae-7.r20.mlanit02.it.bb.gin.ntt.net,it
1709588023,80.81.192.239,et-1-1-2-u100.fra11-cr-polaris.bb.gdinf.net,DE,Frankfurt am Main,50.033333,8.570556
1709588023,212.115.144.89,ae2.cr13-lon1.ip4.gtt.net,GB,London,51.470600,-0.461941
1709588023,80.81.193.18,ipv4.de-cix.fra.de.as24482.sg.gs,DE,Frankfurt am Main,50.033333,8.570556
1709588023,168.143.105.250,ae-1.amazon.parsfr05.fr.bb.gin.ntt.net,fr
1709588023,129.250.3.214,ae-0.r21.londen12.uk.bb.gin.ntt.net,uk
1709588023,129.250.4.188,ae-10.r21.parsfr04.fr.bb.gin.ntt.net,fr
1709588023,61.120.146.118,ae-0.amazon.tokyjp08.jp.bb.gin.ntt.net,jp
1709588023,89.149.137.6,ae0.cr7-fra2.ip4.gtt.net,DE,Frankfurt am Main,50.033333,8.570556
1709588023,184.105.34.254,port-channel3.switch1.ywg1.he.net,CA,Winnipeg,49.910000,-97.239899
1709588023,89.149.137.14,ae1.cr7-fra2.ip4.gtt.net,DE,Frankfurt am Main,50.033333,8.570556
1709588023,129.250.5.242,ae-1.a03.sngpsi07.sg.bb.gin.ntt.net,sg
1709588023,129.250.9.254,ae-0.lumen.londen12.uk.bb.gin.ntt.net,uk
1709588023,61.213.161.50,ae-2.amazon.tokyjp08.jp.bb.gin.ntt.net,jp
1709588023,23.197.71.39,ae1.r02.mil02.ien.netarch.akamai.com,IT,Milan,45.630600,8.728110
1709588023,104.44.19.119,be-7-0.ibr02.ber20.ntwk.msn.net,DE,Berlin,52.351389,13.493889
1709588023,104.44.16.51,be-1-0.ibr01.pnq20.ntwk.msn.net,IN,Pune,18.582100,73.919701
1709588023,5.254.78.94,lon-tel-02t.voxility.net,GB,London,51.470600,-0.461941
1709588023,105.16.22.14,ae-0.dr-01-dar.tz.seacomnet.com,TZ,Dar es Salaam,-6.878110,39.202599
1709588023,141.136.110.14,ae10.cr0-sjc2.ip4.gtt.net,US,San Jose,37.362598,-121.929001
1709588023,37.49.232.106,unitasgl.mrs.franceix.net,FR,Marseille,43.439272,5.221424
1709588023,105.16.15.98,ce-0-0-23.cr-02-lhr.uk.seacomnet.com,GB,London,51.470600,-0.461941
1709588023,105.16.15.86,ce-0-0-17.cr-01-lhr.uk.seacomnet.com,GB,London,51.470600,-0.461941
1709588023,105.16.34.254,ce-0-0-2.br-01-lhr.uk.seacomnet.com,GB,London,51.470600,-0.461941
1709588023,105.25.160.126,ce-0-0-13.cr-02-lhr.uk.seacomnet.com,GB,London,51.470600,-0.461941
1709588023,105.16.13.38,ae-2.cr-01-lhr.uk.seacomnet.com,GB,London,51.470600,-0.461941
1709588023,80.249.210.100,amsix01-ams1.amazon.com,NL,Amsterdam,52.308601,4.763890
1709588023,184.105.64.201,ve101.core3.mrs1.he.net,FR,Marseille,43.439272,5.221424
1709588023,66.28.4.233,be2012.ccr71.tyo01.atlas.cogentco.com,JP,Tokyo / Narita,35.764702,140.386002
1709588023,154.54.5.101,be3144.ccr22.sjc01.atlas.cogentco.com,US,San Jose,37.362598,-121.929001
1709588023,154.54.1.21,be2894.ccr41.lax04.atlas.cogentco.com,US,Los Angeles,33.942501,-118.407997
1709588023,154.54.3.70,be3359.ccr41.lax05.atlas.cogentco.com,US,Los Angeles,33.942501,-118.407997
1709588023,154.54.86.137,be3696.ccr41.sjc03.atlas.cogentco.com,US,San Jose,37.362598,-121.929001
1709588023,154.54.42.101,be3271.ccr41.lax01.atlas.cogentco.com,US,Los Angeles,33.942501,-118.407997
1709588023,154.54.27.118,be3243.ccr41.lax05.atlas.cogentco.com,US,Los Angeles,33.942501,-118.407997
1709588023,154.54.89.201,be3011.ccr71.tyo01.atlas.cogentco.com,JP,Tokyo / Narita,35.764702,140.386002
1709588023,184.104.198.118,port-channel1.core1.ams1.he.net,NL,Amsterdam,52.308601,4.763890
1709588023,184.104.193.133,100ge0-36.core2.zrh3.he.net,CH,Zurich,47.464699,8.549170
1709588023,184.104.199.145,port-channel6.core1.osa1.he.net,JP,Osaka,34.427299,135.244003
1709588023,76.74.41.137,ae0-1983.cr1-jhb2.ip4.gtt.net,MY,Johor Bahru,1.641310,103.669998
1709588023,154.54.83.190,be3929.ccr72.tyo01.atlas.cogentco.com,JP,Tokyo / Narita,35.764702,140.386002
1709588023,154.54.40.145,be3177.ccr42.lax01.atlas.cogentco.com,US,Los Angeles,33.942501,-118.407997
1709588023,184.105.223.254,port-channel4.core2.par2.he.net,FR,Paris,49.012798,2.550000
1709588023,72.52.92.129,100ge0-75.core2.zrh2.he.net,CH,Zurich,47.464699,8.549170
1709588023,184.104.195.178,100ge0-36.core2.gva1.he.net,CH,Geneva,46.238098,6.108950
1709588023,184.104.188.97,port-channel10.core2.osa1.he.net,JP,Osaka,34.427299,135.244003
1709588023,212.222.183.193,ae19-623.cr10-lon1.ip4.gtt.net,GB,London,51.470600,-0.461941
1709588023,23.215.54.163,ae9.r01.mil01.icn.netarch.akamai.com,IT,Milan,45.630600,8.728110
1709588023,23.57.106.245,po110.bs-b.sech-sin.netarch.akamai.com,SG,Singapore,1.350190,103.994003
1709588023,61.213.161.46,ae-1.amazon.tokyjp08.jp.bb.gin.ntt.net,jp
1709588023,104.44.18.35,be-1-0.ibr02.pnq20.ntwk.msn.net,IN,Pune,18.582100,73.919701
1709588023,104.44.29.54,be-24-0.ibr02.mrs20.ntwk.msn.net,FR,Marseille,43.439272,5.221424
1709588023,104.44.17.65,be-14-0.ibr02.mrs20.ntwk.msn.net,FR,Marseille,43.439272,5.221424
1709588023,104.44.19.131,be-6-0.ibr01.bom30.ntwk.msn.net,IN,Mumbai,19.088699,72.867897
1709588023,104.44.28.164,be-25-0.ibr01.mrs20.ntwk.msn.net,FR,Marseille,43.439272,5.221424
1709588023,104.44.7.215,be-1-0.ibr02.par30.ntwk.msn.net,FR,Paris,49.012798,2.550000
1709588023,104.44.16.145,be-9-0.ibr02.pnq01.ntwk.msn.net,IN,Pune,18.582100,73.919701
1709588023,5.254.112.185,lon-tel-01c.voxility.net,GB,London,51.470600,-0.461941
1709588023,50.115.90.7,e1-7.cr2.sin1.sg.unitasglobal.net,SG,Singapore,1.350190,103.994003
1709588023,195.66.236.146,peer2.ldn1.flagtel.com,GB,London,51.508530,-0.125740
1709588023,5.254.88.22,fra-in3-02gw.voxility.net,DE,Frankfurt am Main,50.033333,8.570556
1709588023,50.115.91.109,ae40.cr1.par1.fr.unitasglobal.net,FR,Paris,49.012798,2.550000
1709588023,50.115.91.108,ae40.cr1.lon1.gb.unitasglobal.net,GB,London,51.470600,-0.461941
1709588023,5.254.65.1,fra-in3-01c.voxility.net,DE,Frankfurt am Main,50.033333,8.570556
1709588023,103.138.72.36,gr-0-0-0-2.cr1.hkg1.eons.cloud,HK,Hong Kong,22.320304,114.198074
1709588023,141.136.107.2,ae0.cr12-lon1.ip4.gtt.net,GB,London,51.470600,-0.461941
1709588023,37.49.237.49,cloudflare.par.franceix.net,FR,Paris,49.012798,2.550000
1709588023,105.25.160.170,ce-0-0-49.cr-01-lhr.uk.seacomnet.com,GB,London,51.470600,-0.461941
1709588023,105.25.160.166,ce-0-0-13.cr-02-mrs.fr.seacomnet.com,FR,Marseille,43.439272,5.221424
1709588023,105.16.13.129,ce-4-0-5.er-01-ams.nl.seacomnet.com,NL,Amsterdam,52.308601,4.763890
1709588023,105.16.15.90,ce-0-0-23.cr-01-lhr.uk.seacomnet.com,GB,London,51.470600,-0.461941
1709588023,105.16.15.94,ce-0-0-17.cr-02-lhr.uk.seacomnet.com,GB,London,51.470600,-0.461941
1709588023,105.16.12.98,ce-0-0-25.cr-01-mrs.fr.seacomnet.com,FR,Marseille,43.439272,5.221424
1709588023,105.16.13.125,ce-3-0-5.er-01-ams.nl.seacomnet.com,NL,Amsterdam,52.308601,4.763890
1709588023,104.44.237.202,ae20-0.ier02.hkg30.ntwk.msn.net,HK,Hong Kong,22.320304,114.198074
1709588023,104.44.237.196,ae26-0.ier01.hkg30.ntwk.msn.net,HK,Hong Kong,22.320304,114.198074
1709588023,141.136.106.109,ae0.cr13-lon1.ip4.gtt.net,GB,London,51.470600,-0.461941
1709588023,50.115.91.122,ae20.cr1.lon1.gb.unitasglobal.net,GB,London,51.470600,-0.461941
1709588023,103.138.72.2,ae-0-0.br2.hkg1.eons.cloud,HK,Hong Kong,22.320304,114.198074
1709588023,213.200.112.210,ae6.cr3-lon8.ip4.gtt.net,GB,London,51.470600,-0.461941
1709588023,141.136.105.113,ae2.cr0-jhb2.ip4.gtt.net,MY,Johor Bahru,1.641310,103.669998
1709588023,91.196.184.95,icr1.ixn1.dub.as4455.net,IE,Dublin,53.421299,-6.270070
1709588023,105.16.35.254,ce-0-0-1.br-01-lhr.uk.seacomnet.com,GB,London,51.470600,-0.461941
1709588023,105.16.35.8,ae-1.pp-01-lhr.uk.seacomnet.com,GB,London,51.470600,-0.461941
1709588023,89.149.128.98,ae0.cr10-lon2.ip4.gtt.net,GB,London,51.470600,-0.461941
1709588023,129.250.8.49,ae-23.a01.amstnl07.nl.bb.gin.ntt.net,nl
1709588023,23.215.54.33,ae12.r02.tyo01.icn.netarch.akamai.com,JP,Tokyo / Narita,35.764702,140.386002
1709588023,5.254.88.26,fra-in3-01gw.voxility.net,DE,Frankfurt am Main,50.033333,8.570556
1709588023,195.66.226.180,lon-tel-01gw.voxility.net,GB,London,51.470600,-0.461941
1709588023,141.136.107.254,ae5.cr1-pit1.ip4.gtt.net,US,Pittsburgh,40.491501,-80.232903
1709588023,103.138.72.9,et-0-0-0-0.cr1.hkg2.eons.cloud,HK,Hong Kong,22.320304,114.198074
1709588023,82.197.136.22,ae1.irt1.ams01.nl.as13237.net,NL,Amsterdam,52.308601,4.763890
1709588023,212.143.18.32,gw1-be1-100.mrs.nv.net.il,FR,Marseille,43.439272,5.221424
1709588023,89.149.136.85,ae1.cr1-pit1.ip4.gtt.net,US,Pittsburgh,40.491501,-80.232903
1709588023,129.250.5.238,ae-0.a03.sngpsi07.sg.bb.gin.ntt.net,sg
1709588023,77.67.94.153,ae18.cr10-lon2.ip4.gtt.net,GB,London,51.470600,-0.461941
1709588023,129.250.7.86,ae-3.r20.amstnl07.nl.bb.gin.ntt.net,nl
1709588023,116.51.17.138,ce-1-0-3.a02.sngpsi07.sg.ce.gin.ntt.net,sg
1709588023,196.32.210.92,lt-0-1-0.0-london-ua-ldn11-ldn1-02.ubuntunet.net,GB,London,51.508530,-0.125740
1709588023,196.32.210.75,lt-11-3-0.3-amsterdam-ua-ams11-ams1-01.ubuntunet.net,NL,Amsterdam,52.374030,4.889690
1709588023,196.32.210.93,lt-0-1-0.1-london-ua-ldn1-ldn11-02.ubuntunet.net,GB,London,51.508530,-0.125740
1709588023,213.200.126.145,ae24.cr5-mrs1.ip4.gtt.net,FR,Marseille,43.439272,5.221424
1709588023,23.57.106.243,po110.bs-a.sech-sin.netarch.akamai.com,SG,Singapore,1.350190,103.994003
1709588023,212.143.12.34,gw1-4-0.fra.nv.net.il,DE,Frankfurt am Main,50.033333,8.570556
1709588023,212.143.12.64,gw2-mrs-0-0-gw2.hfa.nv.net.il,IL,Haifa,32.809399,35.043098
1709588023,89.149.139.5,ae21.cr10-lon1.ip4.gtt.net,GB,London,51.470600,-0.461941
1709588023,180.87.107.225,if-be-33-2.ecore1.esin4-singapore.as6453.net,SG,Singapore,1.289670,103.850070
1709588023,116.51.17.137,ce-1-0-3.a02.sngpsi07.sg.bb.gin.ntt.net,sg
1709588023,212.143.16.135,gw2-fra-be-1-100-gw1-fra-be-1-100.fra.nv.net.il,DE,Frankfurt am Main,50.033333,8.570556
1709588023,196.32.210.77,lt-0-3-0.3-amsterdam-ua-ams11-ams1-02.ubuntunet.net,NL,Amsterdam,52.374030,4.889690
1709588023,196.32.210.88,lt-8-3-0.1-london-ua-ldn1-ldn11-01.ubuntunet.net,GB,London,51.508530,-0.125740
1709588023,116.51.26.82,ae-0.emirates-du.sngpsi07.sg.bb.gin.ntt.net,sg
1709588023,82.197.128.21,ae1.irt1.dus03.de.as13237.net,DE,Dusseldorf,51.289501,6.766780
1709588023,23.57.106.251,ae121.access-a.sech-sin.netarch.akamai.com,SG,Singapore,1.350190,103.994003
1709588023,213.200.122.250,et-4-1-0.cr0-lon9.ip4.gtt.net,GB,London,51.470600,-0.461941
1709588023,23.57.106.249,ae120.access-a.sech-sin.netarch.akamai.com,SG,Singapore,1.350190,103.994003
1709588023,213.254.225.237,et-0-0-29.cr6-ams1.ip4.gtt.net,NL,Amsterdam,52.308601,4.763890
1709588023,37.221.168.14,fra-in3-02t.voxility.net,DE,Frankfurt am Main,50.033333,8.570556
1709588023,89.149.132.194,ae2.cr7-mil2.ip4.gtt.net,IT,Milan,45.630600,8.728110
1709588023,185.84.18.81,xe-0-2-0-3-3.r00.mrslfr01.fr.bb.gin.ntt.net,fr
1709588023,154.14.26.205,ae5.cr0-par2.ip4.gtt.net,FR,Paris,49.012798,2.550000
1709588023,89.149.131.6,et-0-0-35.cr5-sin1.ip4.gtt.net,SG,Singapore,1.350190,103.994003
1709588023,217.71.96.9,ae4.irt1.fra19.de.as13237.net,DE,Frankfurt am Main,50.033333,8.570556
1709588023,67.199.139.109,ae10.cr4-sin1.ip4.gtt.net,SG,Singapore,1.350190,103.994003
1709588023,120.29.214.101,if-be-40-2.ecore1.svq-singapore.as6453.net,SG,Singapore,1.289670,103.850070
1709588023,81.95.2.49,ae2-2058.vie20.core-backbone.com,AT,Vienna,48.110298,16.569700
1709588023,196.32.210.89,lt-8-3-0.0-london-ua-ldn11-ldn1-01.ubuntunet.net,GB,London,51.508530,-0.125740
1709588023,196.32.210.57,ae1.501-amsterdam-ua-ams1-ldn1-01.ubuntunet.net,NL,Amsterdam,52.308601,4.763890
1709588023,121.240.127.198,121.240.127.198.static-mumbai.vsnl.net.in,IN,Mumbai,19.072830,72.882610
1709588023,121.241.43.118,121.241.42.118.static-mumbai.vsnl.net.in,IN,Mumbai,19.072830,72.882610
